{
    "name": "Admin Produção - Embaresa PT",
    "short_name": "Admin",
    "description": "Administração de Produção - Embaresa PT",
    "start_url": "./admin.html",
    "display": "standalone",
    "background_color": "#0f172a",
    "theme_color": "#0f172a",
    "orientation": "any",
    "icons": [
        {
            "src": "icon-admin-192.png",
            "sizes": "192x192",
            "type": "image/png",
            "purpose": "any maskable"
        },
        {
            "src": "icon-admin-512.png",
            "sizes": "512x512",
            "type": "image/png",
            "purpose": "any maskable"
        }
    ]
}
